{
    "Stack": {
        "metadata": {
            "name": "d4d-with-statefulset",
            "namespace": "default",
            "selfLink": "/apis/compose.docker.com/v1beta2/namespaces/default/stacks/d4d-with-statefulset",
            "uid": "4a34478c-bbf2-11e8-9cff-00155d0027c4",
            "resourceVersion": "723",
            "creationTimestamp": "2018-09-19T09:56:33Z"
        },
        "spec": {
            "services": [
                {
                    "name": "db",
                    "deploy": {
                        "resources": {},
                        "placement": {}
                    },
                    "image": "dockerdemos/lab-db",
                    "volumes": [
                        {
                            "type": "volume",
                            "source": "test-volume",
                            "target": "/test-volume"
                        }
                    ]
                },
                {
                    "name": "web",
                    "deploy": {
                        "resources": {},
                        "placement": {}
                    },
                    "image": "dockerdemos/lab-web",
                    "ports": [
                        {
                            "mode": "ingress",
                            "target": 80,
                            "published": 80,
                            "protocol": "tcp"
                        }
                    ]
                },
                {
                    "name": "words",
                    "deploy": {
                        "replicas": 5,
                        "resources": {},
                        "placement": {}
                    },
                    "image": "dockerdemos/lab-words"
                }
            ]
        },
        "status": {
            "phase": "Available",
            "message": "Stack is started"
        }
    },
    "Children": {
        "Deployments": {
            "default/web": {
                "metadata": {
                    "name": "web",
                    "namespace": "default",
                    "selfLink": "/apis/apps/v1/namespaces/default/deployments/web",
                    "uid": "4a5d59bb-bbf2-11e8-bf31-00155d0027c4",
                    "resourceVersion": "737",
                    "generation": 5,
                    "creationTimestamp": "2018-09-19T09:56:33Z",
                    "labels": {
                        "com.docker.service.id": "d4d-with-statefulset-web",
                        "com.docker.service.name": "web",
                        "com.docker.stack.namespace": "d4d-with-statefulset"
                    },
                    "annotations": {
                        "deployment.kubernetes.io/revision": "1"
                    },
                    "ownerReferences": [
                        {
                            "apiVersion": "compose.docker.com/v1beta2",
                            "kind": "Stack",
                            "name": "d4d-with-statefulset",
                            "uid": "4a34478c-bbf2-11e8-9cff-00155d0027c4",
                            "controller": true,
                            "blockOwnerDeletion": true
                        }
                    ]
                },
                "spec": {
                    "replicas": 1,
                    "selector": {
                        "matchLabels": {
                            "com.docker.service.id": "d4d-with-statefulset-web",
                            "com.docker.service.name": "web",
                            "com.docker.stack.namespace": "d4d-with-statefulset"
                        }
                    },
                    "template": {
                        "metadata": {
                            "creationTimestamp": null,
                            "labels": {
                                "com.docker.service.id": "d4d-with-statefulset-web",
                                "com.docker.service.name": "web",
                                "com.docker.stack.namespace": "d4d-with-statefulset"
                            }
                        },
                        "spec": {
                            "containers": [
                                {
                                    "name": "web",
                                    "image": "dockerdemos/lab-web",
                                    "ports": [
                                        {
                                            "containerPort": 80,
                                            "protocol": "TCP"
                                        }
                                    ],
                                    "resources": {},
                                    "terminationMessagePath": "/dev/termination-log",
                                    "terminationMessagePolicy": "File",
                                    "imagePullPolicy": "IfNotPresent"
                                }
                            ],
                            "restartPolicy": "Always",
                            "terminationGracePeriodSeconds": 30,
                            "dnsPolicy": "ClusterFirst",
                            "securityContext": {},
                            "affinity": {
                                "nodeAffinity": {
                                  "requiredDuringSchedulingIgnoredDuringExecution": {
                                    "nodeSelectorTerms": [
                                      {
                                        "matchExpressions": [
                                          {
                                            "key": "beta.kubernetes.io/os",
                                            "operator": "In",
                                            "values": [
                                              "linux"
                                            ]
                                          },
                                          {
                                            "key": "beta.kubernetes.io/arch",
                                            "operator": "In",
                                            "values": [
                                              "amd64"
                                            ]
                                          }
                                        ]
                                      }
                                    ]
                                  }
                                }
                              },
                            "schedulerName": "default-scheduler"
                        }
                    },
                    "strategy": {
                        "type": "RollingUpdate",
                        "rollingUpdate": {
                            "maxUnavailable": "25%",
                            "maxSurge": "25%"
                        }
                    },
                    "revisionHistoryLimit": 3,
                    "progressDeadlineSeconds": 600
                },
                "status": {
                    "observedGeneration": 5,
                    "replicas": 1,
                    "updatedReplicas": 1,
                    "readyReplicas": 1,
                    "availableReplicas": 1,
                    "conditions": [
                        {
                            "type": "Available",
                            "status": "True",
                            "lastUpdateTime": "2018-09-19T09:56:40Z",
                            "lastTransitionTime": "2018-09-19T09:56:40Z",
                            "reason": "MinimumReplicasAvailable",
                            "message": "Deployment has minimum availability."
                        },
                        {
                            "type": "Progressing",
                            "status": "True",
                            "lastUpdateTime": "2018-09-19T09:56:40Z",
                            "lastTransitionTime": "2018-09-19T09:56:33Z",
                            "reason": "NewReplicaSetAvailable",
                            "message": "ReplicaSet \"web-75bbff95b5\" has successfully progressed."
                        }
                    ]
                }
            },
            "default/words": {
                "metadata": {
                    "name": "words",
                    "namespace": "default",
                    "selfLink": "/apis/apps/v1/namespaces/default/deployments/words",
                    "uid": "4a791af2-bbf2-11e8-bf31-00155d0027c4",
                    "resourceVersion": "740",
                    "generation": 5,
                    "creationTimestamp": "2018-09-19T09:56:34Z",
                    "labels": {
                        "com.docker.service.id": "d4d-with-statefulset-words",
                        "com.docker.service.name": "words",
                        "com.docker.stack.namespace": "d4d-with-statefulset"
                    },
                    "annotations": {
                        "deployment.kubernetes.io/revision": "1"
                    },
                    "ownerReferences": [
                        {
                            "apiVersion": "compose.docker.com/v1beta2",
                            "kind": "Stack",
                            "name": "d4d-with-statefulset",
                            "uid": "4a34478c-bbf2-11e8-9cff-00155d0027c4",
                            "controller": true,
                            "blockOwnerDeletion": true
                        }
                    ]
                },
                "spec": {
                    "replicas": 5,
                    "selector": {
                        "matchLabels": {
                            "com.docker.service.id": "d4d-with-statefulset-words",
                            "com.docker.service.name": "words",
                            "com.docker.stack.namespace": "d4d-with-statefulset"
                        }
                    },
                    "template": {
                        "metadata": {
                            "creationTimestamp": null,
                            "labels": {
                                "com.docker.service.id": "d4d-with-statefulset-words",
                                "com.docker.service.name": "words",
                                "com.docker.stack.namespace": "d4d-with-statefulset"
                            }
                        },
                        "spec": {
                            "containers": [
                                {
                                    "name": "words",
                                    "image": "dockerdemos/lab-words",
                                    "resources": {},
                                    "terminationMessagePath": "/dev/termination-log",
                                    "terminationMessagePolicy": "File",
                                    "imagePullPolicy": "IfNotPresent"
                                }
                            ],
                            "restartPolicy": "Always",
                            "terminationGracePeriodSeconds": 30,
                            "dnsPolicy": "ClusterFirst",
                            "securityContext": {},
                            "affinity": {
                                "nodeAffinity": {
                                  "requiredDuringSchedulingIgnoredDuringExecution": {
                                    "nodeSelectorTerms": [
                                      {
                                        "matchExpressions": [
                                          {
                                            "key": "beta.kubernetes.io/os",
                                            "operator": "In",
                                            "values": [
                                              "linux"
                                            ]
                                          },
                                          {
                                            "key": "beta.kubernetes.io/arch",
                                            "operator": "In",
                                            "values": [
                                              "amd64"
                                            ]
                                          }
                                        ]
                                      }
                                    ]
                                  }
                                }
                              },
                            "schedulerName": "default-scheduler"
                        }
                    },
                    "strategy": {
                        "type": "RollingUpdate",
                        "rollingUpdate": {
                            "maxUnavailable": "25%",
                            "maxSurge": "25%"
                        }
                    },
                    "revisionHistoryLimit": 3,
                    "progressDeadlineSeconds": 600
                },
                "status": {
                    "observedGeneration": 5,
                    "replicas": 5,
                    "updatedReplicas": 5,
                    "readyReplicas": 5,
                    "availableReplicas": 5,
                    "conditions": [
                        {
                            "type": "Available",
                            "status": "True",
                            "lastUpdateTime": "2018-09-19T09:56:49Z",
                            "lastTransitionTime": "2018-09-19T09:56:49Z",
                            "reason": "MinimumReplicasAvailable",
                            "message": "Deployment has minimum availability."
                        },
                        {
                            "type": "Progressing",
                            "status": "True",
                            "lastUpdateTime": "2018-09-19T09:56:50Z",
                            "lastTransitionTime": "2018-09-19T09:56:34Z",
                            "reason": "NewReplicaSetAvailable",
                            "message": "ReplicaSet \"words-6667f65b44\" has successfully progressed."
                        }
                    ]
                }
            }
        },
        "Statefulsets": {
            "default/db": {
                "metadata": {
                    "name": "db",
                    "namespace": "default",
                    "selfLink": "/apis/apps/v1/namespaces/default/statefulsets/db",
                    "uid": "4a461a0d-bbf2-11e8-bf31-00155d0027c4",
                    "resourceVersion": "721",
                    "generation": 1,
                    "creationTimestamp": "2018-09-19T09:56:33Z",
                    "labels": {
                        "com.docker.service.id": "d4d-with-statefulset-db",
                        "com.docker.service.name": "db",
                        "com.docker.stack.namespace": "d4d-with-statefulset"
                    },
                    "ownerReferences": [
                        {
                            "apiVersion": "compose.docker.com/v1beta2",
                            "kind": "Stack",
                            "name": "d4d-with-statefulset",
                            "uid": "4a34478c-bbf2-11e8-9cff-00155d0027c4",
                            "controller": true,
                            "blockOwnerDeletion": true
                        }
                    ]
                },
                "spec": {
                    "replicas": 1,
                    "selector": {
                        "matchLabels": {
                            "com.docker.service.id": "d4d-with-statefulset-db",
                            "com.docker.service.name": "db",
                            "com.docker.stack.namespace": "d4d-with-statefulset"
                        }
                    },
                    "template": {
                        "metadata": {
                            "creationTimestamp": null,
                            "labels": {
                                "com.docker.service.id": "d4d-with-statefulset-db",
                                "com.docker.service.name": "db",
                                "com.docker.stack.namespace": "d4d-with-statefulset"
                            }
                        },
                        "spec": {
                            "containers": [
                                {
                                    "name": "db",
                                    "image": "dockerdemos/lab-db",
                                    "resources": {},
                                    "volumeMounts": [
                                        {
                                            "name": "test-volume",
                                            "mountPath": "/test-volume"
                                        }
                                    ],
                                    "terminationMessagePath": "/dev/termination-log",
                                    "terminationMessagePolicy": "File",
                                    "imagePullPolicy": "IfNotPresent"
                                }
                            ],
                            "restartPolicy": "Always",
                            "terminationGracePeriodSeconds": 30,
                            "dnsPolicy": "ClusterFirst",
                            "securityContext": {},
                            "affinity": {
                                "nodeAffinity": {
                                  "requiredDuringSchedulingIgnoredDuringExecution": {
                                    "nodeSelectorTerms": [
                                      {
                                        "matchExpressions": [
                                          {
                                            "key": "beta.kubernetes.io/os",
                                            "operator": "In",
                                            "values": [
                                              "linux"
                                            ]
                                          },
                                          {
                                            "key": "beta.kubernetes.io/arch",
                                            "operator": "In",
                                            "values": [
                                              "amd64"
                                            ]
                                          }
                                        ]
                                      }
                                    ]
                                  }
                                }
                              },
                            "schedulerName": "default-scheduler"
                        }
                    },
                    "volumeClaimTemplates": [
                        {
                            "metadata": {
                                "name": "test-volume",
                                "creationTimestamp": null
                            },
                            "spec": {
                                "accessModes": [
                                    "ReadWriteOnce"
                                ],
                                "resources": {
                                    "requests": {
                                        "storage": "100Mi"
                                    }
                                }
                            },
                            "status": {
                                "phase": "Pending"
                            }
                        }
                    ],
                    "serviceName": "",
                    "podManagementPolicy": "OrderedReady",
                    "updateStrategy": {
                        "type": "RollingUpdate",
                        "rollingUpdate": {
                            "partition": 0
                        }
                    },
                    "revisionHistoryLimit": 3
                },
                "status": {
                    "observedGeneration": 1,
                    "replicas": 1,
                    "readyReplicas": 1,
                    "currentReplicas": 1,
                    "currentRevision": "db-799479b8f8",
                    "updateRevision": "db-799479b8f8",
                    "collisionCount": 0
                }
            }
        },
        "Daemonsets": {},
        "Services": {
            "default/db": {
                "metadata": {
                    "name": "db",
                    "namespace": "default",
                    "selfLink": "/api/v1/namespaces/default/services/db",
                    "uid": "4a553586-bbf2-11e8-bf31-00155d0027c4",
                    "resourceVersion": "506",
                    "creationTimestamp": "2018-09-19T09:56:33Z",
                    "labels": {
                        "com.docker.service.id": "d4d-with-statefulset-db",
                        "com.docker.service.name": "db",
                        "com.docker.stack.namespace": "d4d-with-statefulset"
                    },
                    "ownerReferences": [
                        {
                            "apiVersion": "compose.docker.com/v1beta2",
                            "kind": "Stack",
                            "name": "d4d-with-statefulset",
                            "uid": "4a34478c-bbf2-11e8-9cff-00155d0027c4",
                            "controller": true,
                            "blockOwnerDeletion": true
                        }
                    ]
                },
                "spec": {
                    "ports": [
                        {
                            "name": "headless",
                            "protocol": "TCP",
                            "port": 55555,
                            "targetPort": 55555
                        }
                    ],
                    "selector": {
                        "com.docker.service.id": "d4d-with-statefulset-db",
                        "com.docker.service.name": "db",
                        "com.docker.stack.namespace": "d4d-with-statefulset"
                    },
                    "clusterIP": "None",
                    "type": "ClusterIP",
                    "sessionAffinity": "None"
                },
                "status": {
                    "loadBalancer": {}
                }
            },
            "default/web": {
                "metadata": {
                    "name": "web",
                    "namespace": "default",
                    "selfLink": "/api/v1/namespaces/default/services/web",
                    "uid": "4a621131-bbf2-11e8-bf31-00155d0027c4",
                    "resourceVersion": "512",
                    "creationTimestamp": "2018-09-19T09:56:33Z",
                    "labels": {
                        "com.docker.service.id": "d4d-with-statefulset-web",
                        "com.docker.service.name": "web",
                        "com.docker.stack.namespace": "d4d-with-statefulset"
                    },
                    "ownerReferences": [
                        {
                            "apiVersion": "compose.docker.com/v1beta2",
                            "kind": "Stack",
                            "name": "d4d-with-statefulset",
                            "uid": "4a34478c-bbf2-11e8-9cff-00155d0027c4",
                            "controller": true,
                            "blockOwnerDeletion": true
                        }
                    ]
                },
                "spec": {
                    "ports": [
                        {
                            "name": "headless",
                            "protocol": "TCP",
                            "port": 55555,
                            "targetPort": 55555
                        }
                    ],
                    "selector": {
                        "com.docker.service.id": "d4d-with-statefulset-web",
                        "com.docker.service.name": "web",
                        "com.docker.stack.namespace": "d4d-with-statefulset"
                    },
                    "clusterIP": "None",
                    "type": "ClusterIP",
                    "sessionAffinity": "None"
                },
                "status": {
                    "loadBalancer": {}
                }
            },
            "default/web-published": {
                "metadata": {
                    "name": "web-published",
                    "namespace": "default",
                    "selfLink": "/api/v1/namespaces/default/services/web-published",
                    "uid": "4a71b6a0-bbf2-11e8-bf31-00155d0027c4",
                    "resourceVersion": "530",
                    "creationTimestamp": "2018-09-19T09:56:34Z",
                    "labels": {
                        "com.docker.service.id": "d4d-with-statefulset-web",
                        "com.docker.service.name": "web",
                        "com.docker.stack.namespace": "d4d-with-statefulset"
                    },
                    "ownerReferences": [
                        {
                            "apiVersion": "compose.docker.com/v1beta2",
                            "kind": "Stack",
                            "name": "d4d-with-statefulset",
                            "uid": "4a34478c-bbf2-11e8-9cff-00155d0027c4",
                            "controller": true,
                            "blockOwnerDeletion": true
                        }
                    ]
                },
                "spec": {
                    "ports": [
                        {
                            "name": "80-tcp",
                            "protocol": "TCP",
                            "port": 80,
                            "targetPort": 80,
                            "nodePort": 32212
                        }
                    ],
                    "selector": {
                        "com.docker.service.id": "d4d-with-statefulset-web",
                        "com.docker.service.name": "web",
                        "com.docker.stack.namespace": "d4d-with-statefulset"
                    },
                    "clusterIP": "10.108.77.248",
                    "type": "LoadBalancer",
                    "sessionAffinity": "None",
                    "externalTrafficPolicy": "Cluster"
                },
                "status": {
                    "loadBalancer": {
                        "ingress": [
                            {
                                "hostname": "localhost"
                            }
                        ]
                    }
                }
            },
            "default/words": {
                "metadata": {
                    "name": "words",
                    "namespace": "default",
                    "selfLink": "/api/v1/namespaces/default/services/words",
                    "uid": "4a7cc32d-bbf2-11e8-bf31-00155d0027c4",
                    "resourceVersion": "536",
                    "creationTimestamp": "2018-09-19T09:56:34Z",
                    "labels": {
                        "com.docker.service.id": "d4d-with-statefulset-words",
                        "com.docker.service.name": "words",
                        "com.docker.stack.namespace": "d4d-with-statefulset"
                    },
                    "ownerReferences": [
                        {
                            "apiVersion": "compose.docker.com/v1beta2",
                            "kind": "Stack",
                            "name": "d4d-with-statefulset",
                            "uid": "4a34478c-bbf2-11e8-9cff-00155d0027c4",
                            "controller": true,
                            "blockOwnerDeletion": true
                        }
                    ]
                },
                "spec": {
                    "ports": [
                        {
                            "name": "headless",
                            "protocol": "TCP",
                            "port": 55555,
                            "targetPort": 55555
                        }
                    ],
                    "selector": {
                        "com.docker.service.id": "d4d-with-statefulset-words",
                        "com.docker.service.name": "words",
                        "com.docker.stack.namespace": "d4d-with-statefulset"
                    },
                    "clusterIP": "None",
                    "type": "ClusterIP",
                    "sessionAffinity": "None"
                },
                "status": {
                    "loadBalancer": {}
                }
            }
        }
    }
}